name,lastname,email,gender,phone,picture,location_lat,location_lon
Cristobal,Dominguez,cristobald@example.com,male,+569123123123,https://randomuser.me/api/portraits/men/75.jpg,33.4489,70.6693
Norman,Anderson,norman.anderson@example.com,male,04-6843-6453,https://randomuser.me/api/portraits/men/50.jpg,-81.5351,-159.3333
Owen,Jean-Baptiste,owen.jean-baptiste@example.com,male,219-256-8774,https://randomuser.me/api/portraits/men/2.jpg,-34.7178,84.3863
Césaro,Barros,cesaro.barros@example.com,male,(88) 2089-4859,https://randomuser.me/api/portraits/men/37.jpg,-9.6042,53.4902
Zoé,Garcia,zoe.garcia@example.com,female,075 988 73 38,https://randomuser.me/api/portraits/women/41.jpg,43.4282,173.6697
Grayson,Patel,grayson.patel@example.com,male,(229)-710-4011,https://randomuser.me/api/portraits/men/24.jpg,69.0465,169.5184
Rocio,Moya,rocio.moya@example.com,female,959-962-418,https://randomuser.me/api/portraits/women/29.jpg,-49.9333,-46.3377
Anna,Li,anna.li@example.com,female,(498)-128-6944,https://randomuser.me/api/portraits/women/94.jpg,35.7946,72.5874
Minttu,Kari,minttu.kari@example.com,female,06-963-258,https://randomuser.me/api/portraits/women/72.jpg,-59.2890,-167.8408
Loris,Le Gall,loris.legall@example.com,male,01-81-98-54-84,https://randomuser.me/api/portraits/men/52.jpg,13.5066,139.6668
Sindre,Åkre,sindre.akre@example.com,male,22423465,https://randomuser.me/api/portraits/men/51.jpg,-85.8555,118.2032
Bertram,Kristensen,bertram.kristensen@example.com,male,00063068,https://randomuser.me/api/portraits/men/11.jpg,28.0954,156.9555
Dylan,Sjåvik,dylan.sjavik@example.com,male,83576209,https://randomuser.me/api/portraits/men/47.jpg,-6.1847,62.0389
ایلیا,گلشن,yly.glshn@example.com,male,035-06073752,https://randomuser.me/api/portraits/men/84.jpg,-61.3014,-179.7457
Samira,Samdal,samira.samdal@example.com,female,32857996,https://randomuser.me/api/portraits/women/9.jpg,-44.2312,-97.5778
Florence,Fletcher,florence.fletcher@example.com,female,(877)-207-4954,https://randomuser.me/api/portraits/women/80.jpg,54.5962,88.5592
Gabrielle,Blanc,gabrielle.blanc@example.com,female,02-69-33-32-30,https://randomuser.me/api/portraits/women/4.jpg,74.8322,79.3882
Catarina,Schmitt,catarina.schmitt@example.com,female,079 521 84 61,https://randomuser.me/api/portraits/women/2.jpg,50.4599,-80.7992
Alcides,Porto,alcides.porto@example.com,male,(81) 6199-1516,https://randomuser.me/api/portraits/men/78.jpg,-22.0932,-70.8392
Fatma,Oraloğlu,fatma.oraloglu@example.com,female,(602)-614-7372,https://randomuser.me/api/portraits/women/44.jpg,79.0127,125.8245
Emmeli,Kowalczyk,emmeli.kowalczyk@example.com,female,77144226,https://randomuser.me/api/portraits/women/93.jpg,-77.8108,66.8970
Lily,Rice,lily.rice@example.com,female,016977 58232,https://randomuser.me/api/portraits/women/41.jpg,27.9375,-58.0504
Cristiaan,Smulders,cristiaan.smulders@example.com,male,(724)-720-6158,https://randomuser.me/api/portraits/men/60.jpg,17.6311,-35.0583
Vitório,da Mata,vitorio.damata@example.com,male,(52) 3761-1668,https://randomuser.me/api/portraits/men/6.jpg,53.7530,149.0573
Aiden,Bergeron,aiden.bergeron@example.com,male,051-207-7760,https://randomuser.me/api/portraits/men/10.jpg,54.7164,-81.3799
Bruce,Collins,bruce.collins@example.com,male,021-950-0935,https://randomuser.me/api/portraits/men/4.jpg,-85.0921,-57.1746
Peter,Østbye,peter.ostbye@example.com,male,79847471,https://randomuser.me/api/portraits/men/26.jpg,73.3405,164.6532
Tidemann,Helliesen,tidemann.helliesen@example.com,male,77273856,https://randomuser.me/api/portraits/men/82.jpg,-5.9297,-58.5933
Lloyd,Willis,lloyd.willis@example.com,male,06-5322-7186,https://randomuser.me/api/portraits/men/76.jpg,-8.2170,66.6218
Dina,Guerin,dina.guerin@example.com,female,079 384 09 21,https://randomuser.me/api/portraits/women/79.jpg,-52.2351,165.7034
Dianne,Burke,dianne.burke@example.com,female,(961)-201-5864,https://randomuser.me/api/portraits/women/95.jpg,86.6507,41.5542
Josefina,Cruz,josefina.cruz@example.com,female,985-067-619,https://randomuser.me/api/portraits/women/72.jpg,-22.4220,-133.9568
Ryan,Johnston,ryan.johnston@example.com,male,05-0635-3167,https://randomuser.me/api/portraits/men/85.jpg,-18.7939,-23.9993
Florence,Zhang,florence.zhang@example.com,female,(722)-560-2541,https://randomuser.me/api/portraits/women/83.jpg,77.9827,27.4090
Minttu,Koivisto,minttu.koivisto@example.com,female,02-874-543,https://randomuser.me/api/portraits/women/56.jpg,70.2528,59.0928
Stoffel,Römer,stoffel.romer@example.com,male,(969)-684-7870,https://randomuser.me/api/portraits/men/22.jpg,87.0044,141.6507
Aquilino,Campos,aquilino.campos@example.com,male,(64) 0307-7949,https://randomuser.me/api/portraits/men/10.jpg,-65.1470,-125.7763
Nils,Jean,nils.jean@example.com,male,04-31-04-16-91,https://randomuser.me/api/portraits/men/51.jpg,-6.9925,172.5959
Felix,Thompson,felix.thompson@example.com,male,(337)-411-6313,https://randomuser.me/api/portraits/men/5.jpg,75.9875,176.3519
Nikoline,Persen,nikoline.persen@example.com,female,29094909,https://randomuser.me/api/portraits/women/49.jpg,77.8605,-148.6216
Francisco,Rojas,francisco.rojas@example.com,male,992-725-507,https://randomuser.me/api/portraits/men/50.jpg,-19.6462,-11.3821
Gundolf,Saathoff,gundolf.saathoff@example.com,male,0494-2181177,https://randomuser.me/api/portraits/men/11.jpg,-81.9516,-108.9866
آوینا,سهيلي راد,awyn.shylyrd@example.com,female,085-02386289,https://randomuser.me/api/portraits/women/24.jpg,79.3095,-86.5262
Roland,Pierre,roland.pierre@example.com,male,077 560 26 40,https://randomuser.me/api/portraits/men/45.jpg,50.9014,-93.8413
Önal,Özdoğan,onal.ozdogan@example.com,male,(857)-030-3165,https://randomuser.me/api/portraits/men/83.jpg,4.7971,179.7658
ملینا,سلطانی نژاد,mlyn.sltnynjd@example.com,female,056-33610050,https://randomuser.me/api/portraits/women/6.jpg,-86.7770,110.3722
بنیامین,کوتی,bnymyn.khwty@example.com,male,019-13133140,https://randomuser.me/api/portraits/men/89.jpg,-15.5025,118.7261
Harrison,Hughes,harrison.hughes@example.com,male,(603)-094-8146,https://randomuser.me/api/portraits/men/88.jpg,16.8781,97.3399
Pihla,Lassila,pihla.lassila@example.com,female,07-987-907,https://randomuser.me/api/portraits/women/55.jpg,59.0101,71.9281
Tadeusz,Herdt,tadeusz.herdt@example.com,male,0912-9253501,https://randomuser.me/api/portraits/men/45.jpg,15.0052,72.5419
Jerry,Kuhn,jerry.kuhn@example.com,male,(272)-154-8531,https://randomuser.me/api/portraits/men/92.jpg,59.0227,32.6621
Reza,Kraft,reza.kraft@example.com,male,0286-6999595,https://randomuser.me/api/portraits/men/42.jpg,31.2437,-20.6071
سوگند,سالاری,swgnd.slry@example.com,female,025-07630671,https://randomuser.me/api/portraits/women/36.jpg,5.0337,148.3369
Caroline,Christensen,caroline.christensen@example.com,female,45852790,https://randomuser.me/api/portraits/women/46.jpg,-82.8603,15.4049
Mikkel,Larsen,mikkel.larsen@example.com,male,67085906,https://randomuser.me/api/portraits/men/26.jpg,-83.1120,111.5614
Lori,Terry,lori.terry@example.com,female,09-7804-2771,https://randomuser.me/api/portraits/women/23.jpg,3.7699,60.6337
محمدمهدی,صدر,mhmdmhdy.sdr@example.com,male,030-11035327,https://randomuser.me/api/portraits/men/11.jpg,41.9376,127.2755
Luana,Araújo,luana.araujo@example.com,female,(51) 0722-7331,https://randomuser.me/api/portraits/women/89.jpg,-47.1788,-141.2872
Nathan,Clark,nathan.clark@example.com,male,491-500-6152,https://randomuser.me/api/portraits/men/23.jpg,47.1743,-6.7932
فاطمه زهرا,نجاتی,ftmhzhr.njty@example.com,female,058-82935140,https://randomuser.me/api/portraits/women/50.jpg,72.9444,-118.3255
سهیل,سالاری,shyl.slry@example.com,male,063-62165154,https://randomuser.me/api/portraits/men/57.jpg,-43.8753,68.0582
Clairta,Melo,clairta.melo@example.com,female,(89) 5967-3914,https://randomuser.me/api/portraits/women/28.jpg,67.3936,85.6990
Leonaura,Silva,leonaura.silva@example.com,female,(13) 4550-1298,https://randomuser.me/api/portraits/women/55.jpg,22.3551,-15.7399
Hildebranda,Pires,hildebranda.pires@example.com,female,(57) 2930-8471,https://randomuser.me/api/portraits/women/86.jpg,-53.7919,33.2781
Eren,Sözeri,eren.sozeri@example.com,male,(877)-411-6503,https://randomuser.me/api/portraits/men/37.jpg,58.4415,43.5111
Johanna,Svihus,johanna.svihus@example.com,female,58468268,https://randomuser.me/api/portraits/women/35.jpg,64.8154,31.2581
Walburga,Thiem,walburga.thiem@example.com,female,0246-4870693,https://randomuser.me/api/portraits/women/94.jpg,-81.2209,-106.1474
Oscar,Rasmussen,oscar.rasmussen@example.com,male,11061888,https://randomuser.me/api/portraits/men/85.jpg,48.6065,166.2365
Tomothy,Miles,tomothy.miles@example.com,male,051-636-6041,https://randomuser.me/api/portraits/men/3.jpg,-70.7952,56.3046
Marion,Alvarez,marion.alvarez@example.com,female,(565)-563-6645,https://randomuser.me/api/portraits/women/76.jpg,-89.0946,-44.4400
Connor,White,connor.white@example.com,male,(088)-080-7782,https://randomuser.me/api/portraits/men/23.jpg,10.5491,-175.2799
John,Nylund,john.nylund@example.com,male,37630643,https://randomuser.me/api/portraits/men/46.jpg,31.4606,76.8661
Marco,Ramos,marco.ramos@example.com,male,955-196-477,https://randomuser.me/api/portraits/men/88.jpg,-56.4062,-88.7504
Hilda,Ferguson,hilda.ferguson@example.com,female,(724)-543-3639,https://randomuser.me/api/portraits/women/86.jpg,-77.6272,178.9626
Svea,Hegemann,svea.hegemann@example.com,female,0639-7506952,https://randomuser.me/api/portraits/women/66.jpg,-22.2820,162.7081
Ianis,Carvalho,ianis.carvalho@example.com,male,(36) 8621-5721,https://randomuser.me/api/portraits/men/71.jpg,-88.1696,75.6113
Matheo,Engh,matheo.engh@example.com,male,87577545,https://randomuser.me/api/portraits/men/41.jpg,-1.0952,-110.1745
Julia,Ouellet,julia.ouellet@example.com,female,877-069-8203,https://randomuser.me/api/portraits/women/37.jpg,-60.2737,30.4681
Rosa,Ruiz,rosa.ruiz@example.com,female,(686)-507-6411,https://randomuser.me/api/portraits/women/45.jpg,51.8606,-61.7205
Mari,Pinto,mari.pinto@example.com,female,(80) 6798-0351,https://randomuser.me/api/portraits/women/35.jpg,-13.6145,-50.8375
Halvard,Amundsen,halvard.amundsen@example.com,male,28091895,https://randomuser.me/api/portraits/men/94.jpg,25.9068,-60.2846
Charlie,Ouellet,charlie.ouellet@example.com,female,190-697-8473,https://randomuser.me/api/portraits/women/83.jpg,-65.2390,10.2380
Aubrey,Brown,aubrey.brown@example.com,female,928-749-9058,https://randomuser.me/api/portraits/women/90.jpg,17.4687,122.4836
Leslie,Daniels,leslie.daniels@example.com,female,(623)-330-5598,https://randomuser.me/api/portraits/women/35.jpg,-32.8748,141.6165
Kaïs,Lefebvre,kais.lefebvre@example.com,male,03-07-24-91-04,https://randomuser.me/api/portraits/men/42.jpg,76.7358,79.6863
Clara,Dupuis,clara.dupuis@example.com,female,079 487 87 35,https://randomuser.me/api/portraits/women/73.jpg,-58.9211,-108.3836
Onni,Manni,onni.manni@example.com,male,03-245-961,https://randomuser.me/api/portraits/men/25.jpg,56.3227,171.7739
Peggy,Morgan,peggy.morgan@example.com,female,(097)-667-4482,https://randomuser.me/api/portraits/women/61.jpg,-74.6439,106.4399
Konrad,Elvestad,konrad.elvestad@example.com,male,31872634,https://randomuser.me/api/portraits/men/72.jpg,57.8634,-50.4672
Alexandre,Gerard,alexandre.gerard@example.com,male,05-20-85-23-04,https://randomuser.me/api/portraits/men/85.jpg,6.5095,-61.7464
Kübra,Aybar,kubra.aybar@example.com,female,(682)-223-6175,https://randomuser.me/api/portraits/women/55.jpg,87.0843,-41.7529
Daisi,Vieira,daisi.vieira@example.com,female,(66) 1334-1751,https://randomuser.me/api/portraits/women/30.jpg,37.7405,-69.3966
Melike,Tazegül,melike.tazegul@example.com,female,(329)-252-7510,https://randomuser.me/api/portraits/women/87.jpg,4.1364,-152.0223
Andre,Cox,andre.cox@example.com,male,016977 16205,https://randomuser.me/api/portraits/men/24.jpg,23.0250,95.1843
Johnni,Osullivan,johnni.osullivan@example.com,male,021-849-7448,https://randomuser.me/api/portraits/men/16.jpg,-23.4538,-14.0207
Greg,Neal,greg.neal@example.com,male,04-8650-6235,https://randomuser.me/api/portraits/men/43.jpg,-61.5352,119.9528
Rosa,Nielsen,rosa.nielsen@example.com,female,39841694,https://randomuser.me/api/portraits/women/37.jpg,-17.7870,-50.6090
Gonzalo,Gallego,gonzalo.gallego@example.com,male,943-542-213,https://randomuser.me/api/portraits/men/79.jpg,-22.7327,-84.2923
Amber,Nguyen,amber.nguyen@example.com,female,01719 93644,https://randomuser.me/api/portraits/women/16.jpg,52.3194,-69.7787
Maria,Johansen,maria.johansen@example.com,female,19439679,https://randomuser.me/api/portraits/women/9.jpg,-49.9272,114.7751
Mirjan,Van de Belt,mirjan.vandebelt@example.com,female,(308)-882-7243,https://randomuser.me/api/portraits/women/5.jpg,27.4412,-63.2741
Mohamed,Soler,mohamed.soler@example.com,male,991-931-829,https://randomuser.me/api/portraits/men/4.jpg,58.6690,29.1082
Consuelo,Bravo,consuelo.bravo@example.com,female,904-273-240,https://randomuser.me/api/portraits/women/34.jpg,88.0921,-44.0873
Alan,Lawson,alan.lawson@example.com,male,017687 20495,https://randomuser.me/api/portraits/men/44.jpg,70.8084,114.7919
Kadir,Balcı,kadir.balci@example.com,male,(723)-400-7203,https://randomuser.me/api/portraits/men/76.jpg,20.8326,122.0094
Justine,Morin,justine.morin@example.com,female,089-156-1680,https://randomuser.me/api/portraits/women/7.jpg,-34.3056,134.9835
Vildan,Poçan,vildan.pocan@example.com,female,(080)-771-4506,https://randomuser.me/api/portraits/women/41.jpg,-61.5389,-99.2894
Gustav,Mohamud,gustav.mohamud@example.com,male,35327078,https://randomuser.me/api/portraits/men/14.jpg,-79.7232,-54.7506
Jon,Moreno,jon.moreno@example.com,male,07-6544-6196,https://randomuser.me/api/portraits/men/20.jpg,83.8070,52.3720
Imre,Isdahl,imre.isdahl@example.com,male,63966342,https://randomuser.me/api/portraits/men/90.jpg,12.0918,124.7049
Janet,Wright,janet.wright@example.com,female,071-973-6902,https://randomuser.me/api/portraits/women/72.jpg,-28.1090,9.5962
Greg,Ross,greg.ross@example.com,male,01-1964-1749,https://randomuser.me/api/portraits/men/37.jpg,-77.4632,-12.3875
Leslie,James,leslie.james@example.com,female,(918)-403-0662,https://randomuser.me/api/portraits/women/70.jpg,33.3493,123.1563
Thomas,Chow,thomas.chow@example.com,male,093-574-0879,https://randomuser.me/api/portraits/men/96.jpg,3.7065,102.5704
Aron,Fernandez,aron.fernandez@example.com,male,076 905 89 07,https://randomuser.me/api/portraits/men/27.jpg,5.1435,-22.6974
Fredy,Hänel,fredy.hanel@example.com,male,0802-7738211,https://randomuser.me/api/portraits/men/13.jpg,24.9968,-174.8635
Sara,West,sara.west@example.com,female,021-945-9337,https://randomuser.me/api/portraits/women/39.jpg,53.8232,-89.3764
Jonathan,Madsen,jonathan.madsen@example.com,male,67271789,https://randomuser.me/api/portraits/men/49.jpg,84.5683,103.3189
Florence,Walker,florence.walker@example.com,female,(207)-252-3030,https://randomuser.me/api/portraits/women/33.jpg,55.1833,97.9522
ثنا,احمدی,thn.hmdy@example.com,female,036-58831633,https://randomuser.me/api/portraits/women/63.jpg,-55.2445,-62.6256
Vegard,Garnes,vegard.garnes@example.com,male,37617314,https://randomuser.me/api/portraits/men/11.jpg,-29.2895,170.1761
Marie,Hill,marie.hill@example.com,female,(769)-509-8862,https://randomuser.me/api/portraits/women/48.jpg,41.7000,129.8206
Jimmy,Fournier,jimmy.fournier@example.com,male,077 793 49 87,https://randomuser.me/api/portraits/men/12.jpg,29.8289,-75.3675
Laurie,Wilson,laurie.wilson@example.com,female,285-790-5816,https://randomuser.me/api/portraits/women/29.jpg,71.2656,135.2090
Melike,Adıvar,melike.adivar@example.com,female,(314)-124-7233,https://randomuser.me/api/portraits/women/3.jpg,83.3282,130.2678
Kelly,Griffin,kelly.griffin@example.com,female,017683 11307,https://randomuser.me/api/portraits/women/32.jpg,-39.5681,-14.0517
Sandra,Faure,sandra.faure@example.com,female,02-26-40-87-87,https://randomuser.me/api/portraits/women/21.jpg,85.5917,-110.1972
Richard,Watts,richard.watts@example.com,male,061-253-2827,https://randomuser.me/api/portraits/men/95.jpg,-76.6441,-173.2935
Mijo,Heilmann,mijo.heilmann@example.com,male,0061-2035079,https://randomuser.me/api/portraits/men/56.jpg,35.2817,148.7783
Amélie,Bonnet,amelie.bonnet@example.com,female,04-46-53-90-08,https://randomuser.me/api/portraits/women/46.jpg,1.3382,-89.2582
Milka,Mank,milka.mank@example.com,female,(318)-406-2744,https://randomuser.me/api/portraits/women/20.jpg,60.0818,-21.9818
Margarita,Nguyen,margarita.nguyen@example.com,female,076 585 03 96,https://randomuser.me/api/portraits/women/47.jpg,-2.6652,127.2845
Malou,Poulsen,malou.poulsen@example.com,female,96751814,https://randomuser.me/api/portraits/women/2.jpg,40.3120,-69.9645
Gabriel,Walker,gabriel.walker@example.com,male,381-870-2733,https://randomuser.me/api/portraits/men/92.jpg,-52.9531,73.2947
Jonathan,Jones,jonathan.jones@example.com,male,01-5657-7151,https://randomuser.me/api/portraits/men/0.jpg,48.8943,117.4316
Victor,Lemoine,victor.lemoine@example.com,male,02-88-93-88-53,https://randomuser.me/api/portraits/men/10.jpg,-43.5364,-75.2839
Alma,Hansen,alma.hansen@example.com,female,82760179,https://randomuser.me/api/portraits/women/92.jpg,42.1164,157.1352
Alexander,Nielsen,alexander.nielsen@example.com,male,08294359,https://randomuser.me/api/portraits/men/46.jpg,29.6349,94.2465
Renee,Hansen,renee.hansen@example.com,female,08-5791-0981,https://randomuser.me/api/portraits/women/17.jpg,-82.1159,167.0252
Piper,White,piper.white@example.com,female,(074)-431-6336,https://randomuser.me/api/portraits/women/47.jpg,-35.0267,19.5973
Rachel,Sandven,rachel.sandven@example.com,female,72047054,https://randomuser.me/api/portraits/women/81.jpg,79.8721,106.3749
Sedef,Elçiboğa,sedef.elciboga@example.com,female,(209)-638-4508,https://randomuser.me/api/portraits/women/84.jpg,-33.3079,-80.3227
Sara,White,sara.white@example.com,female,011-642-1868,https://randomuser.me/api/portraits/women/67.jpg,-17.5970,-134.0768
Sophia,Smith,sophia.smith@example.com,female,509-815-3595,https://randomuser.me/api/portraits/women/40.jpg,19.0722,-121.9654
Sandra,Ramirez,sandra.ramirez@example.com,female,908-974-239,https://randomuser.me/api/portraits/women/32.jpg,15.8179,-175.2365
Paula,Jimenez,paula.jimenez@example.com,female,997-092-025,https://randomuser.me/api/portraits/women/0.jpg,-13.6872,-27.7476
رضا,رضایی,rd.rdyy@example.com,male,033-50220050,https://randomuser.me/api/portraits/men/8.jpg,21.1922,-98.5608
Jordi,Blanco,jordi.blanco@example.com,male,949-145-105,https://randomuser.me/api/portraits/men/18.jpg,86.7697,66.6661
Maik,Bauer,maik.bauer@example.com,male,0293-9006634,https://randomuser.me/api/portraits/men/33.jpg,-68.4056,64.1682
Deniz,Özdenak,deniz.ozdenak@example.com,male,(053)-570-1333,https://randomuser.me/api/portraits/men/55.jpg,-32.3372,73.7179
ثنا,کوتی,thn.khwty@example.com,female,039-50610728,https://randomuser.me/api/portraits/women/79.jpg,12.4250,69.1985
Almut,Pape,almut.pape@example.com,female,0182-9518928,https://randomuser.me/api/portraits/women/67.jpg,-16.5549,9.5021
اميرعلي,حسینی,myraaly.hsyny@example.com,male,079-41122167,https://randomuser.me/api/portraits/men/83.jpg,10.6350,159.4332
Enrique,Rivera,enrique.rivera@example.com,male,015395 50891,https://randomuser.me/api/portraits/men/74.jpg,48.7776,-54.4689
Anton,Larsen,anton.larsen@example.com,male,80883353,https://randomuser.me/api/portraits/men/5.jpg,36.1511,115.4778
Ceyhan,Tuğlu,ceyhan.tuglu@example.com,female,(652)-374-0206,https://randomuser.me/api/portraits/women/76.jpg,2.9943,-39.0733
Emma,Juntunen,emma.juntunen@example.com,female,03-187-795,https://randomuser.me/api/portraits/women/42.jpg,89.8578,-105.6921
Nihal,Tekand,nihal.tekand@example.com,male,(638)-387-2660,https://randomuser.me/api/portraits/men/19.jpg,-28.9152,-179.0111
Nadia,Fournier,nadia.fournier@example.com,female,076 536 47 51,https://randomuser.me/api/portraits/women/83.jpg,-83.2911,121.2959
Charlotte,Louis,charlotte.louis@example.com,female,04-15-23-25-88,https://randomuser.me/api/portraits/women/1.jpg,83.6271,-163.7815
Joscelino,Caldeira,joscelino.caldeira@example.com,male,(62) 2830-8892,https://randomuser.me/api/portraits/men/77.jpg,-80.9093,-91.8289
Connor,Willis,connor.willis@example.com,male,01-0203-2331,https://randomuser.me/api/portraits/men/62.jpg,-8.6875,-130.3833
Isabel,Lee,isabel.lee@example.com,female,(267)-074-0464,https://randomuser.me/api/portraits/women/63.jpg,-72.3664,-33.0783
Marius,Jensen,marius.jensen@example.com,male,52022587,https://randomuser.me/api/portraits/men/99.jpg,46.0960,-13.6437
Rafael,Dahl,rafael.dahl@example.com,male,0773-1813466,https://randomuser.me/api/portraits/men/39.jpg,33.7393,-44.3765
بهاره,علیزاده,bhrh.aalyzdh@example.com,female,092-45749566,https://randomuser.me/api/portraits/women/44.jpg,-66.4826,-130.0344
Lee,Stone,lee.stone@example.com,male,015396 23578,https://randomuser.me/api/portraits/men/12.jpg,89.9070,-110.8591
Niilo,Tanner,niilo.tanner@example.com,male,07-387-535,https://randomuser.me/api/portraits/men/56.jpg,47.4350,-171.1700
Claudine,Perrin,claudine.perrin@example.com,female,079 468 86 84,https://randomuser.me/api/portraits/women/60.jpg,24.6536,169.8118
Sean,Washington,sean.washington@example.com,male,06-8798-0408,https://randomuser.me/api/portraits/men/55.jpg,-60.7272,79.0453
آیناز,رضایی,aynz.rdyy@example.com,female,003-60641019,https://randomuser.me/api/portraits/women/26.jpg,32.8447,140.7079
John,Suarez,john.suarez@example.com,male,901-379-077,https://randomuser.me/api/portraits/men/84.jpg,55.9138,-86.3125
Alexander,Clark,alexander.clark@example.com,male,946-591-8991,https://randomuser.me/api/portraits/men/17.jpg,-43.7883,-63.6037
Vilho,Suomi,vilho.suomi@example.com,male,06-023-143,https://randomuser.me/api/portraits/men/93.jpg,-34.6213,-162.0586
Wenda,Van Thiel,wenda.vanthiel@example.com,female,(980)-606-5635,https://randomuser.me/api/portraits/women/69.jpg,37.2943,24.6546
Antje,Jauch,antje.jauch@example.com,female,0074-7247235,https://randomuser.me/api/portraits/women/33.jpg,-19.8843,-135.0984
Gül,Yıldızoğlu,gul.yildizoglu@example.com,female,(942)-148-7792,https://randomuser.me/api/portraits/women/71.jpg,-67.4115,152.6947
Louise,Silva,louise.silva@example.com,female,021-464-2527,https://randomuser.me/api/portraits/women/71.jpg,72.3452,158.5612
Notburga,Herbert,notburga.herbert@example.com,female,0633-8731304,https://randomuser.me/api/portraits/women/37.jpg,-36.5310,95.2648
Kaja,Mandal,kaja.mandal@example.com,female,21251704,https://randomuser.me/api/portraits/women/91.jpg,-74.8711,16.7606
Olivia,Scott,olivia.scott@example.com,female,883-157-4907,https://randomuser.me/api/portraits/women/15.jpg,40.1757,161.0655
Henriette,Gaillard,henriette.gaillard@example.com,female,079 014 54 51,https://randomuser.me/api/portraits/women/53.jpg,-56.1982,-13.2888
Josefine,Nielsen,josefine.nielsen@example.com,female,24768862,https://randomuser.me/api/portraits/women/76.jpg,23.7309,20.1098
Tracy,Doyle,tracy.doyle@example.com,female,061-148-1806,https://randomuser.me/api/portraits/women/69.jpg,-77.2440,-143.4153
Britney,Lawrence,britney.lawrence@example.com,female,041-680-5013,https://randomuser.me/api/portraits/women/18.jpg,-4.0925,-86.0237
Andrea,Warren,andrea.warren@example.com,female,(181)-948-4347,https://randomuser.me/api/portraits/women/3.jpg,-45.7178,-131.5431
Samantha,Edwards,samantha.edwards@example.com,female,(277)-213-2718,https://randomuser.me/api/portraits/women/46.jpg,-8.0690,161.1844
Ida,Møller,ida.moller@example.com,female,60402349,https://randomuser.me/api/portraits/women/3.jpg,-89.1006,-115.0250
یاسمین,نجاتی,ysmyn.njty@example.com,female,011-30318774,https://randomuser.me/api/portraits/women/35.jpg,-82.4519,-70.4765
Kenan,Karabulut,kenan.karabulut@example.com,male,(511)-953-8879,https://randomuser.me/api/portraits/men/23.jpg,51.8890,-99.5367
Hans D.,Wulff,hansd..wulff@example.com,male,0109-4777168,https://randomuser.me/api/portraits/men/56.jpg,-79.3342,46.9103
Logan,Lee,logan.lee@example.com,male,(004)-213-8026,https://randomuser.me/api/portraits/men/86.jpg,-47.8067,-99.6524
Akash,Alink,akash.alink@example.com,male,(678)-142-3026,https://randomuser.me/api/portraits/men/16.jpg,-44.4600,143.0104
Owen,Burke,owen.burke@example.com,male,06-7718-4991,https://randomuser.me/api/portraits/men/82.jpg,45.1941,50.2440
Ewen,Charles,ewen.charles@example.com,male,05-54-63-72-47,https://randomuser.me/api/portraits/men/47.jpg,-68.4364,-25.8689
Deniz,Mertoğlu,deniz.mertoglu@example.com,male,(023)-655-4143,https://randomuser.me/api/portraits/men/46.jpg,11.6281,-178.7286
Xavier,Gonzalez,xavier.gonzalez@example.com,male,981-305-558,https://randomuser.me/api/portraits/men/57.jpg,58.4586,-155.5502
Philip,Pelletier,philip.pelletier@example.com,male,586-544-1840,https://randomuser.me/api/portraits/men/34.jpg,82.0932,153.4073
Tilde,Christensen,tilde.christensen@example.com,female,27896869,https://randomuser.me/api/portraits/women/27.jpg,52.7903,-82.8976
Clifton,Richards,clifton.richards@example.com,male,01-6528-9904,https://randomuser.me/api/portraits/men/56.jpg,41.1072,-166.6404
Minea,Hokkanen,minea.hokkanen@example.com,female,03-135-722,https://randomuser.me/api/portraits/women/69.jpg,22.2671,-122.7202